SN,study,sampleSize,Special patient groups,Surgery,Thoracic,Abdominal,Duration of surgery (mins),,Mode of Analgesia,treatment,Time of optimization,PPC Early (< 3 days),PPC Late (> 3 days),PPC,Atelectasis,Pneumonia,Hypoxemia,Pleural effusion,Reintubation,Maximal Inspiratory Pressure (cms H2O),,,,,,Forced Vital Capacity,,,,,,,,,,Vital Capacity,,,,FEV1,,,,,,,,,,FEV6,,,,FEV1/FVC,,,,FEV 25-75,,,,PEFR,,,,Specific outcomes,Length of Hospital Stay (days),,HDU/ICU admission due to PPC(N),Days in HDU/ICU,,Comments,,
,,,,,,,Mean,SD,,,,,,,,,,,,Preoperative,,Postoperative,,% change,,Preoperative,,,,Postoperative,,,,% change,,Preoperative,,Postoperative,,Preoperative,,,,Postoperative,,,,% change,,Preoperative,,Postoperative,,Preoperative,,Postoperative,,Preoperative,,Postoperative,,Preoperative,,Postoperative,,,Mean,SD,,Mean,SD,,,
,,,,,,,,,,,,,,,,,,,,Mean,SD,Mean,SD,Mean,SD,Mean(%),SD(%),Mean(L),SD(L),Mean(%),SD(%),Mean(L),SD(L),Mean,SD,Mean,SD,Mean,SD,Mean(%),SD(%),Mean(L),SD(L),Mean%,SD%,Mean(L),SD(L),Mean,SD,Mean,SD,Mean,SD,Mean,SD,Mean,SD,Mean,SD,Mean,SD,Mean,SD,Mean,SD,,,,,,,,,
1,Agostini_2013,88,,Lung resection,Thoracotomy,,,,Mixed,DBE,Post operative,13,,13,,,,,,,,,,,,,,,,,,,,,,,,,,,,,,,,,,,,,,,,,,,,,,,,,,,,,5.0,0.5,,2.5,1.0,,,
1,Agostini_2013,92,,Lung resection,Thoracotomy,,,,Mixed,ISPost,Post operative,11,,11,,,,,,,,,,,,,,,,,,,,,,,,,,,,,,,,,,,,,,,,,,,,,,,,,,,,,6.0,0.5,,2.0,0.6,,,
2,Al Jally_2013,63,,CABG,VAT,,,,,BiPAP,Post operative,9,,4,2,,,2,1,84.28,24.08,,,,,,,3.26,0.89,,,,,,,,,,,84,0.19,,,43,0.22,,,-48.81%,,,,,,,,,,,,,,325.3,75.2,~240,,,,,,,,SP02 pre 96.1 ± 1.1,For Post-Op data they included it in graph not a table. Took figures from there,
2,Al Jally_2013,63,,CABG,VAT,,,,,ISPost + CPT,Post operative,23,,17,15,,,2,2,80.81,25.82,,,,,,,3.26,0.93,,,,,,,,,,,88,0.22,,,40,0.20,,,-54.55%,,,,,,,,,,,,,,376.9,71.1,~170,,,,,,,,SP02 pre 96.9 ± 0.7,"No good data on duration of stay, was only mentioned once (5-7 days after gastroplasty and 9-11 days after gastric bypass with the exception of the patient diagnosed with lower respiratory tract infection, who was hospitalized for 9 days",
3,Alexandropoulou_2019,21,Obese,Bariatric Surgery,,Open,,,,BiPAP,Post operative,,,0,,,,,,,,,,,,,,3.5,0.7,,,2.5,,-28.57%,,,,,,,,3.1,0.6,,,2,,-35.48%,,,,,,,,,,,,,,2.24,,1.08,,,,,,,,"Each group included some % of smokers so I added that to the special patient groups, not sure if that is right.",,
3,Alexandropoulou_2019,14,Obese,Bariatric Surgery,,Open,,,,Control,Post operative,,5,5,3,,5,,,,,,,,,,,3.4,1,,,1.7,,-50.00%,,,,,,,,3.1,0.7,,,1.4,,-54.84%,,,,,,,,,,,,,,2.38,,1.44,,,,,,,,,,
4,Al-Mutaire_2012,72,Smokers,Cardiac,,,,,,CPAP,Post operative,,,,,,,,,,,,,,,,,,,,,,,,,,,,,,,,,,,,,,,,,,,,,,,,,,,,,,,IC,,,,,,"smoker and geriatric, no values",,
4,Al-Mutaire_2012,36,Smokers,Cardiac,,,,,,ISPost,Post operative,,,,,,,,,,,,,,,,,,,,,,,,,,,,,,,,,,,,,,,,,,,,,,,,,,,,,,,IC,,,,,,"smoker and geriatric, no values",,
5,Amin_2021,24,Smokers,CABG,Thoracotomy,,107,40,,DBE,Both,,,,,,,,,,,,,,,,,1.55,,,,0.64,,-58.71%,,,,,,,,1.33,,,,0.86,,-35.34%,,,,,,,,,,,,,,2.44,,2.22,,,,,,,,,,
5,Amin_2021,48,Smokers,CABG,Thoracotomy,,113,35,,ISPre,Both,,,,,,,,,,,,,,,,,1.64,,,,0.9,,-45.12%,,,,,,,,1.4,,,,1.13,,-19.29%,,,,,,,,,,,,,,,,,,,,,,,,Mentions of PPC when I read the article but no data for it was shown,,
6,Baltieri_2014,10,Obese,Bariatric Surgery,,Laparoscopy,,,,ISPre + CPT,Both,,,,,,,,,,,,,,,,,3.24,0.441,,,2.31,0.304,-28.70%,,,,,,,,,,,,,,,,,,,,,,,,,,,,,,,,,,,,,,,,
6,Baltieri_2014,20,Obese,Bariatric Surgery,,Laparoscopy,,,,BiPAP,Pre-operative,,,,,,,,,,,,,,,,,3.27,0.24,,,2.64,0.173,-19.27%,,,,,,,,,,,,,,,,,,,,,,,,,,,,,,,,,,,,,,,,
6,Baltieri_2014,10,Obese,Bariatric Surgery,,Laparoscopy,,,,Vibration,,,,,,,,,,,,,,,,,,3.565,0.334,,,2.48,0.339,-30.43%,,,,,,,,,,,,,,,,,,,,,,,,,,,,,,,,,2.0,0.0,,,,Optimization was preoperative inspiratory muscle training not sure how to classify in dropdown box,,
7,Barbagallo_2012,25,,,Thoracotomy,,153,35,Epidural,Control,Post operative,11,,4,,3,,,,,,,,,,99,22,,,,,,,,,,,,,87,29,,,,,,,,,,,,,,,,,,,,,,,,,,9.5,1.0,,,,Does not say if ICU admittance was due to PPC,,
7,Barbagallo_2012,25,,,Thoracotomy,,155,45,Epidural,CPAP,Post operative,8,,3,,0,,,,,,,,,,92,13,,,,,,,,,,,,,85,20,,,,,,,,,,,,,,,,,,,,,,,,,,8.3,0.8,,,,"Pre-Op Educaiton (additional 30
minute physiotherapy education) and breathing
exercise training session ",,
8,Barbalho-Moulim_2011,17,Obese,Bariatric Surgery,,Open,,,,ISPost + CPT,Post-operative,,,,,,,,,92.94,18.63,48.82,19.32,-47.47%,0.547521665,,,3.32,0.5,,,2.02,0.49,-39.16%,,3.22,0.54,1.95,0.46,,,2.8,0.43,,,1.71,0.42,-38.93%,,,,,,,,,,,,,,,,,,,8.0,6.4,,,,Control was deep breathing exercises,,Length of hosptial stay for patients with PPC was a mean of 16.8 dyas with a range of 6 to 33
8,Barbalho-Moulim_2011,15,Obese,Bariatric Surgery,,Open,,,,IMT,Pre-operative,,,,,,,,,93.33,23.8,63.34,21.6,-32.13%,0.782785912,,,3.2,0.26,,,2.14,0.52,-33.13%,,3.22,0.27,2.07,0.52,,,2.71,0.21,,,1.77,0.47,-34.69%,,,,,,,,,,,,,,,,,,,8.3,8.8,,,,"Intervetion was the removal of deep breathing exercises, not sure what to put on intervtion drop down",,
9,Barros_2010,23,,CABG,Thoracotomy,,62,12,,IMT,Post operative,,,,,,,,,91.71,28.24,90.66,26.08,-1.14%,1.107554969,,,,,,,,,,,,,,,,,,,,,,,,,,,,,,,,,,,,,,,,,,5.0,1.0,0,,,High risk/low risk = ASA>1 and/or smoker,,
9,Barros_2010,18,,CABG,Thoracotomy,,57,21,,CPT,Post operative,,,,,,,,,72.46,34.61,55.38,38.06,-23.57%,0.871162442,,,,,,,,,,,,,,,,,,,,,,,,,,,,,,,,,,,,,,,,,,5.0,1.0,1,,,Compliance measured,,
10,Boden_2017,214,,Upper Abdominal Surgery,,,,,Mixed,EduPre,Pre-operative,,58,58,,42,,11,11,,,,,,,,,,,,,,,,,,,,,,,,,,,,,,,,,,,65.5,10.5,-1.79,9.7,,,,,,,,,,8.4,5.9,,,,,,
10,Boden_2017,218,,Upper Abdominal Surgery,,,,,Mixed,CPT,Pre-operative,,27,27,,18,,10,8,,,,,,,,,,,,,,,,,,,,,,,,,,,,,,,,,,,63.9,14.7,0.05,6.7,,,,,,,,,,8.1,5.1,,,,,,
11,Bohner_2002,99,,Laparotomy,,Open,163,84,Systemic,CPAP,Post operative,,,3,,2,5,1,,,,,,,,,,,,,,,,,,,,,,,,,,,,,,,,,,,,,,,,,,,,,,,,,9.0,2.0,3,,,,,
11,Bohner_2002,105,,Laparotomy,,Open,168,82,Systemic,Control,Post operative,,,10,,5,17,5,,,,,,,,,,,,,,,,,,,,,,,,,,,,,,,,,,,,,,,,,,,,,,,,,10.0,2.0,5,,,,,
12,Brasher_2003,115,,Cardiac,Thoracotomy,,612,264,,DBE,Both,5,,5,,,,,,,,,,,,,,,,,,,,,,,,,,,,,,,,,,,,,,,,,,,,,,,,,,,,,8.0,6.4,,,,"did not specify PPC day, PFTs as %",,
12,Brasher_2003,115,,Cardiac,Thoracotomy,,645,300,,CPT,Both,3,,3,,,,,,,,,,,,,,,,,,,,,,,,,,,,,,,,,,,,,,,,,,,,,,,,,,,,,8.3,8.8,,,,,,
13,Brocki_2016,34,,Cardiothoracic,Thoracotomy,,125,55.3,Mixed,CPT,Both,,,21,9,7,12,4,1,78.5,29.5,64.8,22.85,-17.45%,1.104752501,96.8,21.5,,,,,,,-30.00%,18.9,,,,,79.2,20.5,,,,,,,-24.50%,16.30,,,,,,,,,,,,,,,,,PaO2/FiO2,5.0,2.9,,,,"FEV1 and FVC values were not given on table, instead they were given on a graph so the values might not be a 100% correct",,
13,Brocki_2016,34,,Cardiothoracic,Thoracotomy,,137.6,53,Mixed,IMT,Post operative,,,7,3,2,5,2,,82.8,26.8,70.3,22.7,-15.10%,1.039198486,100,23,,,,,,,-28.00%,18.8,,,,,79.6,21.6,,,,,,,-21.60%,14.80,,,,,,,,,,,,,,,,,PaCO2,5.5,3.9,,,,Postoperative FEV1 & FVC values are given % of the preop values rather than absolute values,,
14,Casali_2011,15,Obese,Gastroplasty,,Open,272.7,22.9,,DBE,Post operative,,,,,,,,,120.7,20.5,,,-56.00%,1.07,104.4,13.6,,,104.2,20.7,,,-0.19%,,,,,,101.9,13.4,,,80.6,14.40,,,-20.90%,,,,,,,,,,,,,,6.2,2,7,0.6,6MWT,,,,,,,,
14,Casali_2011,15,Obese,Gastroplasty,,Open,278.3,20.5,,IMT,Post operative,,,,,,,,,110.7,25.5,,,-45.00%,1.07,104.7,10.4,,,109.5,16.4,,,4.58%,,,,,,105.1,12.7,,,89,23.20,,,-15.32%,,,,,,,,,,,,,,6.3,1.6,7.8,0.6,,,,,,,,,
15,Chen_2019,99,,Cardiac,Thoracotomy,,242,121,,CPT,Pre-operative,27,,27,,7,,,,,,,,,,,,,,,,,,,,,,,,,,,,,,,,,,,,,,,,,,,,,,,,,,,9.4,3.1,,1.8,0.0,All spirometry in % predicted,,
15,Chen_2019,98,,Cardiac,Thoracotomy,,242,122,,IMT,Pre-operative,10,,10,,3,,,,,,,,,,,,,,,,,,,,,,,,,,,,,,,,,,,,,,,,,,,,,,,,,,,7.5,2.8,,1.8,0.0,Unclear what day PPC are in,,
16,Chen_2022,132,Geriatrics,Colorectal,,Laparoscopy,185.3,66.3,,DBE,Both,17,,17,,,,,,,,,,,,,,,,,,,,,,,,,,,,,,,,,,,,,,,,,,,,,,,,,,,,6MWD,5.3,3.8,,,,,,
16,Chen_2022,132,Geriatrics,Colorectal,,Laparoscopy,198.2,72.2,,MobiEarly,Both,43,,43,,,,,,,,,,,,,,,,,,,,,,,,,,,,,,,,,,,,,,,,,,,,,,,,,,,,6MWD,7.0,4.5,,,,,,
17,Cho_2014,39,,Video-Assited Thoracoscopic lung resection,VAT,,132.1,46,Systemic,ISPost,Post operative,,,1,,1,,,,,,,,,,,,,,,,,,,,80,15,40,12,96,14,,,53,16.00,,,-44.79%,,,,,,,,,,,,,,,,,,,14.0,8.0,,2.5,7.5,,,
17,Cho_2014,39,,Video-Assited Thoracoscopic lung resection,VAT,,157,56.4,Systemic,Vibration,intraoperative,,,0,,,,,,,,,,,,,,,,,,,,,,82,14,48,16,96,14,,,59,19.00,,,-38.54%,,,,,,,,,,,,,,,,,,,15.0,7.0,,2.0,3.4,,,
18,Cordeiro_2016,25,,Cardiac,Thoracotomy,,444,138,,IMT,Post operative,,,,,,,,,94.2,16.2,83.1,19.1,-11.78%,0.775210392,,,,,,,,,,,,,,,,,,,,,,,,,,,,,,,,,,,,,,,,,6MWD,6.2,1.3,,,,,,
18,Cordeiro_2016,25,,Cardiac,Thoracotomy,,462,186,,Control,Post operative,,,,,,,,,97.5,18.2,69.5,14.9,-28.72%,0.884002999,,,,,,,,,,,,,,,,,,,,,,,,,,,,,,,,,,,,,,,,,6MWD,8.4,2.8,,,,,,
19,Cordeiro_2022,14,Geriatrics,CABG,Thoracotomy,,360,120,,IMT,Post operative,13,,5,2,3,,7,0,103,15,80,14,-22.33%,0.843204793,,,,,,,,,,,,,,,,,,,,,,,,,,,,,,,,,,,,,,,,,"MEP, 6MWT",9.0,3.0,,2.0,1.0,All 4 risk factors,,
19,Cordeiro_2022,15,Geriatrics,CABG,Thoracotomy,,420,180,,MobiEarly,Post operative,26,,14,8,6,,8,3,105,17,75,15,-28.57%,0.822032214,,,,,,,,,,,,,,,,,,,,,,,,,,,,,,,,,,,,,,,,,"MEP, 6MWT",12.0,4.0,,3.0,1.0,All 4 risk factors,,
20,Crowe_1997,95,,CABG,Thoracotomy,,,,,CPT,Post operative,,,10,40,,,,,,,,,,,,,,,,,,,,,,,,,,,1.8,0.5,,,,,-42.00%,,,,,,,,,,,,,,6.8,2.2,6.1,2,"Distance walked,DLCO, IC",7.5,,,,,,,
20,Crowe_1997,90,,CABG,Thoracotomy,,,,,ISPost + CPT,Post operative,,,8,35,,,,,,,,,,,,,,,,,,,,,,,,,,,1,0.5,,,,,-41.00%,,,,,,,,,,,,,,6.3,1.6,6.5,1.9,,7.0,,,,,,,
21,Denehy_2001,18,,Upper abdominal,,Open,,,Mixed,DBE,Post operative,,,4,,,,,,,,,,,,,,,,,,,,,,,,,,,,,,,,,,,,,,,,,,,,,,,,,,,,,10.5,1.4,,3.1,0.3,MVR patients. IMT same as IS?,,
21,Denehy_2001,32,,Upper abdominal,,Open,,,Mixed,CPAP,Post operative,,,3,,,,,,,,,,,,,,,,,,,,,,,,,,,,,,,,,,,,,,,,,,,,,,,,,,,,,9.5,1.1,,2.9,0.2,"Excluded obese, >50, smoker, COPD, unstable ",,
22,Dias_2011,11,,Cardiac,Thoracotomy,,,,,MobiEarly,Post operative,,,,,,,,,,,,,,,,,,,,,,,,,,,,,,,,,,,,,,,,,,,,,,,,,,,,,,,,23.0,18.5,,,,High risk patients,,
22,Dias_2011,12,,Cardiac,Thoracotomy,,,,,ISPost,Post operative,,,,,,,,,,,,,,,,,,,,,,,,,,,,,,,,,,,,,,,,,,,,,,,,,,,,,,,,15.0,10.4,,,,,,
22,Dias_2011,12,,Cardiac,Thoracotomy,,,,,DBE,Post operative,,,,,,,,,,,,,,,,,,,,,,,,,,,,,,,,,,,,,,,,,,,,,,,,,,,352,18.97,193.33,11.13,,,,,,,Did not mention pre or post op,,
23,don Santos_2019,12,,CABG,Thoracotomy,,,,,IMT,Post operative,,,,,,,,,,,,,,,,,,,,,,,,,,,,,,,,,,,,,,,,,,,,,,,,,,,,,,,"Peak VO2, 6MWT",,,,,,,,
23,don Santos_2019,12,,CABG,Thoracotomy,,,,,CRT,Post operative,,,,,,,,,,,,,,,,,,,,,,,,,,,,,,,,,,,,,,,,,,,,,,,,,,,,,,,"Peak VO2, 6MWT",,,,,,,,
24,Dronkers_2008,10,,Abdominal Aortic Aneurysm,,Open,174,60,,ISPost + CPT,Both,,,8,8,,,,,80,24,67,16,-16.25%,1.272070777,,,,,,,,,,,,,,,,,,,,,,,,,,,,,70,15,,,,,,,,,,,,11.0,3.5,,,,,,
24,Dronkers_2008,10,,Abdominal Aortic Aneurysm,,Open,198,102,,IMT,Pre-operative,,,3,3,,,,,72,22,55,14,-23.61%,1.216043248,,,,,,,,,,,,,,,,,,,,,,,,,,,,,72,12,,,,,,,,,,,,7.5,1.0,,,,,,
25,Ebeo_2002,9,Obese,Roux-en-Y gastric bypass,,,,,,BiPAP,Post operative,,,,0,0,0,0,,,,,,,,,,3.22,0.83,,,,,-22.00%,,,,,,,,2.73,0.64,,,,,-23.00%,,,,,,,,,,,,,,344.67,28.75,214.67,19.22,,,,,,,,,
25,Ebeo_2002,12,Obese,Roux-en-Y gastric bypass,,,,,,Control,Post operative,,,,0,0,0,0,,,,,,,,,,3.39,0.67,,,,,-38.00%,,,,,,,,2.75,0.66,,,,,-40.00%,,,,,,,,,,,,,,,,,,,,,,,,Could not find supplematary tables for other outcomes which were non significant,,
26,Ferreira_2010,8,,CABG,Thoracotomy,,,,,BiPAP,Pre-operative,,,,,,,,,77.8,20.5,89.6,5.1,15.17%,4.629729694,,,2.9,0.5,,,3.2,0.2,10.3%,,,,,,,,2.3,0.2,,,2.3,0.1,0.00%,,,,,,0.68,0.102,,,,,,,,,,,"Estimation of lung infection, oxygen sat",9.7,4.9,,,,,,
26,Ferreira_2010,8,,CABG,Thoracotomy,,,,,IS + EPAP,Post operative,,,,,,,,,93.7,27.8,85.2,24.1,-9.07%,1.079959705,,,2.7,0.5,,,3.5,0.2,29.6%,,,,,,,,2.2,0.4,,,2.5,0.2,13.64%,,,,,,0.65,0.102,,,,,,,,,,,,9.0,3.1,,,,,,
27,Garcia_2017,12,,Lung resection,VAT,,,,,Control,Pre-operative,8,,8,,,,,,,,,,,,,,,,,,,,,,,,,,,,,,,,,,,,,,,,68.8,6,,,,,,,,,,,6MWT,,,,,,hospital stay NS however reported as median,,
27,Garcia_2017,10,,Lung resection,VAT,,,,,ISPre,Pre-operative,5,,5,,,,,,,,,,,,,,,,,,,,,,,,,,,,,,,,,,,,,,,,61.2,9.4,,,,,,,,,,,6MWT,,,,,,,,
28,Garutti_2014,53,,Lung resection,Thoracotomy,,237,86,Epidural,CPAP,Post operative,,,11,7,4,,,,,,,,,,,,,,,,,,,,,,,,,,,,,,,,,,,,,,70.2,13,,,,,,,,,,,,,,,,,,,
28,Garutti_2014,55,,Lung resection,Thoracotomy,,239,76,Epidural,Control,Post operative,,,13,9,4,,,,,,,,,,,,,,,,,,,,,,,,,,,,,,,,,,,,,,71.5,11,,,,,,,,,,,,,,,,,,,
29,Ghoniem_2023,40,Geriatrics,Upper abdominal,,Open,,,,ISPost + CPT,Post operative,9,6,6,,,,,,,,,,,,,,,,,,,,,,,,,,,,,,1.13,0.36,,,-60.00%,10.32%,,,1.53,0.63,,,,,,,,,,,,,,,,,,,,,
29,Ghoniem_2023,40,Geriatrics,Upper abdominal,,Open,,,,Control,Post operative,16,15,17,,,,,,,,,,,,,,,,,,,,,,,,,,,,,,0.86,0.35,,,-73.00%,10.98%,,,1.18,0.48,,,,,,,,,318,108,228,84,,5.1,1.0,,,,,,
30,Gosselink_2000,32,,Thoracic Surgery for Lung and Esophageal resections,Thoracotomy,,,,Epidural,ISPre,Both,4,,4,,,,,,68,28,,,,,106.00%,15.00,,,79.00%,39,,,-25.47%,,,,,,99.00%,17.00,,,80.00%,42.00,,,-19.19%,,,,,,,,,,,,,,,,,,"Post op respiratory function determined by MIP, inspiratory muscle endurance, ",,,,,,,,
30,Gosselink_2000,35,,Thoracic Surgery for Lung and Esophageal resections,Thoracotomy,,,,Epidural,CPT,Both,4,,4,,,,,,77,28,,,,,98.00%,19.00,,,50.00%,18,,,-48.98%,,,,,,87.00%,25.00,,,67.00%,17.00,,,-22.99%,,,,,,,,,,,,,,,,,,,,,,,,,,
31,Guimarães_2016,11,Obese,Gastric bypass,,Laparoscopy,115,13,Systemic,CPAP,Post operative,0,0,,,,,,0,,,,,,,,,2.61,0.32,,,0.87,0.1,-66.67%,,,,,,,,2.41,0.29,,,1.89,0.38,-21.58%,,,,,,92,5,73,26,,,,,294,102,228,66,,4.9,0.6,,,,,,
31,Guimarães_2016,12,Obese,Gastric bypass,,Laparoscopy,155,70,Systemic,Control,Post operative,0,0,,,,,,0,,,,,,,,,2.57,0.69,,,0.9,0.1,-64.98%,,,,,,,,2.33,0.62,,,1.66,0.55,-28.76%,,,,,,91,8,90,9,,,,,,,,,PaO2/FiO2,,,,,,Post op spiromtry values not included in data. Compares basal to pre-op,,
32,Haeffener_2008,17,,CABG,Thoracotomy,,,,,DBE,Post operative,,,4,,4,,,,86.6,23.7,,,-26.40%,1.07,,,3,0.7,,,,,,,,,,,,,2.5,0.6,,,,,,,,,,,,,,,,,,,,,,,PaO2/FiO2,,,,,,Majority sleeve gastrectomy. Need access to supplementary tables,,
32,Haeffener_2008,17,,CABG,Thoracotomy,,,,,IS + EPAP,Post operative,,,0,,0,,,,95.1,33,,,-15.50%,1.07,,,2.9,0.7,,,,,,,,,,,,,2.3,0.5,,,,,,,,,,,,,,,,,,,,,,,4 quadrant pulmonary volumes,,,,,,Had to combine mean+SD for laparatomy and laparoscopy patients,,
33,Hall_1996,76,,Laparotomy,,Open,90,17,Mixed,CPT,Post operative,,,8,8,0,2,,1,,,,,,,,,,,,,,,,,,,,,,,,,,,,,,,,,,,,,,,,,,,,,,,4 quadrant pulmonary volumes,,,,,,Unclear if PPC <3 days,,
33,Hall_1996,231,,Laparotomy,,Open,123,24,Mixed,ISPost,Post operative,,,35,29,6,17,,4,,,,,,,,,,,,,,,,,,,,,,,,,,,,,,,,,,,,,,,,,,,,,,,4 quadrant pulmonary volumes,,,,,,Pts received tramadol or paracetamol post-op,,
33,Hall_1996,149,,Laparotomy,,Open,119,22,Mixed,ISPost + CPT,Post operative,,,20,19,1,15,,3,,,,,,,,,,,,,,,,,,,,,,,,,,,,,,,,,,,,,,,,,,,,,,,,11.8,10.7,,,,"PPC inlcudes pneumonia, atelectasis, bronch or MV which does not add up to PPC column because we dont have a bronch column",,
34,Hegazy_2021,50,,MVR,Thoracotomy,,288,11,,DBE,Post operative,,,,,,,,,78.36,6.4,57.96,5.9,-26.03%,0.805871497,,,2.56,0.14,,,1.93,0.24,-24.61%,,,,,,,,3.07,0.39,,,1.97,0.23,-35.83%,,,,,,73.59,4.1,50.47,3.2,,,,,,,,,,11.5,11.0,,,,,,
34,Hegazy_2021,50,,MVR,Thoracotomy,,300,5,,IMT,Post operative,,,,,,,,,78.78,6.2,58.42,6.1,-25.84%,0.757682351,,,2.6,0.09,,,2.32,0.11,-10.77%,,,,,,,,2.93,0.46,,,1.75,0.14,-40.27%,,,,,,74.01,3.9,50.79,3.9,,,,,,,,,,7.8,3.2,,,,Did not diffentiate between early and late PPC,,
35,Hernandez_2018,25,,Lung resection,Thoracotomy,,225.6,75.6,Epidural,BiPAP,Pre-operative,8,,8,4,2,,2,,,,,,,,,,2.91,0.82,,,1.44,0.45,-50.52%,,,,,,,,2.06,0.65,,,1.06,0.37,-48.54%,,,,,,71,13,73,15,,,,,,,,,,13.3,9.0,,,,,,
35,Hernandez_2018,25,,Lung resection,Thoracotomy,,228,67.2,Epidural,CPT,Pre-operative,10,,10,5,2,,3,,,,,,,,,,2.93,0.89,,,1.6,0.59,-45.39%,,,,,,,,2.21,0.77,,,1.2,0.49,-45.70%,,,,,,73,12,75,10,,,,,,,,,,8.8,4.5,,,,"High risk included smoker, >50y, obese, pulmonary disease requiring meds, h/o medical disease causing reduced vent function",,
36,Hewidy_2016,24,Obese,Sleeve gastrectomy,,Laparoscopy,,,Systemic,CPAP,Post operative,,,7,6,1,,,,,,,,,,,,,,,,,,,,,,,,,,,,,,,,,,,,,,,,,,,,,,,,,,,9.0,5.1,,,,"High risk also given PEP. FVC/PEFR reported as a graph, no values.",,
36,Hewidy_2016,22,Obese,Sleeve gastrectomy,,Laparoscopy,,,Systemic,Control,Post operative,,,17,11,0,,,,,,,,,,,,,,,,,,,,,,,,,,,,,,,,,,,,,,,,,,,,,,,,,,Post-op SaO2,,,,,,,,
37,Huang_2017,30,Geriatrics,Lobectomy,Mixed,,,,,IMT + CRT,Both,,,4,2,4,,1,,,,,,,,,,3.2,0.7,,,3.2,0.7,0.00%,,,,,,,,2.2,0.6,,,2.3,0.6,4.55%,,,,,,,,,,,,,,,,,,Post-op SaO2,,,,,,,,
37,Huang_2017,30,Geriatrics,Lobectomy,Mixed,,,,,IMT,Both,,,5,1,5,,2,,,,,,,,,,3.3,0.8,,,3.3,0.9,0.00%,,,,,,,,2.3,0.8,,,2.3,0.8,0.00%,,,,,,,,,,,,,,,,,,"hypoxemia, MV, RF",,,,,,MIP values given 24h before IS/IPPB and then 24/48/72hrs after,,
37,Huang_2017,30,Geriatrics,Lobectomy,Mixed,,,,,EduPre,Both,,,7,1,7,,2,,,,,,,,,,3.2,0.6,,,3,0.6,-6.25%,,,,,,,,2.1,0.5,,,2.2,0.7,4.76%,,,,,,,,,,,,,,,,,,"hypoxemia, MV, RF",,,,,,,,
38,Huang_2022,15,,Upper abdominal,,,568.2,163.2,,Control,Both,,,8,7,1,,,,104.3,49.8,86.2,31.4,-17.35%,1.344887172,,,3.2,1.3,,,1.4,0.4,-56.25%,,,,,,,,2.6,1.1,,,1.1,0.3,-57.69%,,,,,,80.7,9.9,79.4,9.1,,,,,,,,,post-lung expansion therapy dorsal end-expiratory lung impedance,,,,,,,,
38,Huang_2022,13,,Upper abdominal,,,599.4,156.4,,IMT,Both,,,1,1,0,,,,170.2,68.8,126.8,63,-25.50%,0.893838802,,,3,0.8,,,1.6,0.5,-46.67%,,,,,,,,2.4,0.6,,,1.3,0.4,-45.83%,,,,,,82.4,4.8,81.3,4.8,,,,,,,,,post-lung expansion therapy dorsal end-expiratory lung impedance,,,,,,Used EPAP alone but no option in column,,
39,Hulzebos_2006_a,139,,CABG,Thoracotomy,,257,70,,DBE,Both,48,,48,,,,,,,,,,,,,,,,,,,,,,,,,,,,,,,,,,,,,,,,,,,,,,,,,,,,ABG,,,,1.9,0.8,"FEV1, FVC and PEF reported as % predicted instead of absolute values",,
39,Hulzebos_2006_a,137,,CABG,Thoracotomy,,273,109,,IMT,Pre-operative,25,,25,,,,,,,,,,,,,,,,,,,,,,,,,,,,,,,,,,,,,,,,,,,,,,,,,,,,ABG,,,,2.9,1.1,,,
40,Hulzebos_2006_b,14,Geriatrics,CABG,Thoracotomy,,252,85,,IMT,Pre-operative,,,3,2,1,,6,,64.6,20,80.7,20.6,24.92%,1.254061679,,,,,,,,,,,,,,,,,,,,,,,,,,,,,,,,,,,,,,,,,,10.7,5.0,,,,"Study compares early mob, early mob +DBE and late mob + DBE",,
40,Hulzebos_2006_b,12,Geriatrics,CABG,Thoracotomy,,265,53,,EduPre,Pre-operative,,,6,6,1,,5,,66.8,26.3,76.8,27.9,14.97%,1.16146319,,,,,,,,,,,,,,,,,,,,,,,,,,,,,,,,,,,,,,,,,,16.7,9.7,,,,labelled latter to groups as both dbe,,
41,Khanna_2013,30,,Upper abdominal,,Open,,,,DBE,Both,,,,,,,,,,,,,,,,,,,,,,,,,,,,,,,1.85,0.18,,,1.05,0.11,-43.24%,,2.31,0.13,1.3,0.11,,,,,,,,,,,,,,15.2,9.8,,,,,,
41,Khanna_2013,30,,Upper abdominal,,Open,,,,ISPre,Both,,,,,,,,,,,,,,,,,,,,,,,,,,,,,,,1.81,0.16,,,1.19,0.1,-34.25%,,2.3,0.13,1.43,0.1,,,,,,,,,,,,,SaO2. PaO2,,,,,,LOS reported as median without range,,
42,Kilic_2018,15,,Major abdominal surgery,,,210,48,,Control,Post operative,,,4,4,,,,,,,,,,,,,,,,,,,,,,,,,,,,,,,,,,,,,,,,,,,,,,,,,,,SaO2. PaO2,,,,,,,,
42,Kilic_2018,15,,Major abdominal surgery,,,228,48,,CPAP,Post operative,,,2,2,,,,,,,,,,,,,,,,,,,,,,,,,,,,,,,,,,,,,,,,,,,,,,,,,,,,7.0,1.2,,,,,,
42,Kilic_2018,15,,Major abdominal surgery,,,216,54,,BiPAP,Post operative,,,3,3,,,,,,,,,,,,,,,,,,,,,,,,,,,,,,,,,,,,,,,,,,,,,,,,,,,,7.8,2.0,,,,,,
43,Kulkarni_2010,17,,Laparotomy,,Open,,,,DBE,Pre-operative,,,1,,,,,,55.75,31.48,42.75,21.07,-23.32%,1.206402811,,,,,,,,,,,3.5,1.04,3.23,1.18,,,,,,,,,,,,,,,,,,,,,,,238.32,156.51,157.14,102.29,,8.0,2.0,,,,,,
43,Kulkarni_2010,15,,Laparotomy,,Open,,,,ISPre,Pre-operative,,,,,,,,,47.75,21.08,42,20.22,-12.04%,1.010043663,,,,,,,,,,,3.47,1.1,2.62,0.85,,,,,,,,,,,,,,,,,,,,,,,,,,,,9.5,6.8,,1.9,1.6,AAA repair or laparotomy for thrombectomy,,
43,Kulkarni_2010,17,,Laparotomy,,Open,,,,IMT,Pre-operative,,,,,,,,,75.5,22.24,64,22.52,-15.23%,0.888694272,,,,,,,,,,,3.41,0.91,3.16,0.87,,,,,,,,,,,,,,,,,,,,,,,,,,,,11.8,18.6,,2.8,7.1,Nasal CPAP,,
44,Kundra_2010,25,,Lap chole,,Laparoscopy,94,53,Systemic,ISPost,Post operative,,,,,,,,,,,,,,,,,2.4,0.5,,,1.5,0.4,-37.50%,,,,,,,,2.2,0.5,,,1.4,0.4,-36.36%,,,,,,,,,,,,,,,,,,VC/FRC/SpO2,12.3,4.8,,,,control vs CPAP 15 min vs CPAP 30 min,,
44,Kundra_2010,25,,Lap chole,,Laparoscopy,86,28,Systemic,ISPre,Pre-operative,,,,,,,,,,,,,,,,,2.1,0.5,,,2,0.6,-4.76%,,,,,,,,2,0.5,,,1.9,0.5,-5.00%,,,,,,,,,,,,,,,,,,VC/FRC/SpO2,12.0,4.4,,,,Used POD3 values,,
45,Lai_2017_a,30,Geriatrics,Lobectomy,Mixed,,,,,IMT,Pre-operative,,14,11,6,4,,4,,,,,,,,,,3,0.7,,,3.1,0.6,3.33%,,,,,,,,2.1,0.5,,,2.2,0.5,4.76%,,,,,,,,,,,,,,,,,,,,,,,,Third subset optimization was breath stacking which is not an option on the dropdown,,
45,Lai_2017_a,30,Geriatrics,Lobectomy,Mixed,,,,,Control,Pre-operative,,18,18,5,7,,6,,,,,,,,,,3,0.7,,,3.1,0.7,3.33%,,,,,,,,2,0.6,,,2,0.6,0.00%,,,,,,,,,,,,,,193.2,96.6,,,,5.5,1.3,,,,Spirometry outcomes reported as %difference,,
46,Lai_2017_b,51,Geriatrics,Lobectomy,Mixed,,,,,ISPre + CPT,Pre-operative,,,5,3,5,,1,,,,,,,,,,,,,,,,,,,,,,,,2.1,0.6,,,,,,,,,,,,,,,,,,,,,,,,,,,,,,,
46,Lai_2017_b,50,Geriatrics,Lobectomy,Mixed,,,,,EduPre,Pre-operative,,,14,3,6,,1,,,,,,,,,,,,,,,,,,,,,,,,2.3,0.7,,,,,,,,,,,,,,,,,,,,,,,,,,,,,Study used %predicted FVC/FEV1 so cant use values,,
47,Lioa_2010,27,,Thoracic,,,,,,Control,Both,,,6,1,1,1,,,,,,,,,91.3,16.6,,,,,,,-28.9,14.7,,,,,78.5,25.1,,,,,,,-17.90%,23.80%,,,,,73.3,13.2,,,,,,,341.4,61.2,,,,5.2,1.8,,,,,,
47,Lioa_2010,23,,Thoracic,,,,,,BiPAP,Both,,,5,2,2,2,,,,,,,,,89.5,18.4,,,,,,,-22.3,14.3,,,,,76,29,,,,,,,-17.40%,20.40%,,,,,68.3,17.3,,,,,,,,,,,PaO2/FiO2,8.0,4.0,,,,,,
48,Llorens_2015,21,Obese,Bariatric,,Laparoscopy,130,17,,ISPost + CPT,Pre-operative,,,,,,,,,76.5,17,53.3,27.7,-30.33%,0.560312131,,,3.5,1,,,2.2,,-37.14%,,,,,,,,2.8,0.8,,,1.7,,-39.29%,,,,,,,,,,,,,,,,,,PaO2/FiO2,7.6,3.0,,,,Pulm optimization was oxygen via venturi mask. I labelled it as a control,,
48,Llorens_2015,23,Obese,Bariatric,,Laparoscopy,132,18,,IMT + IS,Pre-operative,,,,,,,,,75.7,18.4,58.3,27.6,-22.99%,0.629715506,,,3.5,0.7,,,2.3,,-34.29%,,,,,,,,2.9,0.7,,,1.8,,-37.93%,,,,,,,,,,,,,,,,,,,9.4,2.0,,,,No pre-op spirometry values,,
49,Lorut_2014,181,COPD,Lung resection,,,221,85,Mixed,BiPAP,Post operative,,,29,,29,,,3,,,,,,,,,,,,,,,,,,,,,63.5,10.8,,,,,,,,,,,,,55.8,9.7,,,,,,,,,,,,18.6,,,,,I selected bipap as a proxy for NIV,,
49,Lorut_2014,179,COPD,Lung resection,,,231,91,Mixed,CPT,Post operative,,,28,,28,,,11,,,,,,,,,,,,,,,,,,,,,60.4,11.9,,,,,,,,,,,,,57,10,,,,,,,,,,,,16.0,,,,,per protocol analysis was also done due to poor compliance which apparently showed same results ,,
50,Ludwig_2011,80,,Lung resection,Thoracotomy,,,,,CPT,Post operative,,,5,,4,6,1,,,,,,,,,,,,,,,,,,,,,,,,,,,,,,,,,,,,,,,,,,,,,,,,PaO2/FiO2,3.3,0.4,0,,,Pulm optimization was oxygen via venturi mask. I labelled it as a control,,
50,Ludwig_2011,55,,Lung resection,Thoracotomy,,,,,IPPB,Post operative,,,3,,3,4,0,,,,,,,,,,,,,,,,,,,,,,,,,,,,,,,,,,,,,,,,,,,,,,,,"6MWT, FRC",7.5,,,,,Uses PEF not PEFR. No absolute values ,,
51,Lunardi_2015,35,,Upper abdominal,,Mixed,257,95,Systemic,Control,Post operative,0,,0,,,,,,,,,,,,,,,,,,,,,,,,,,,,,,,,,,,,,,,,,,,,,,,,,,,,"6MWT, FRC",7.0,,,,,,,
51,Lunardi_2015,67,,Upper abdominal,,Mixed,275,75,Systemic,ISPost,Post operative,3,,6,,,,,,,,,,,,,,,,,,,,,,,,,,,,,,,,,,,,,,,,,,,,,,,,,,,,ABG,6.6,4.0,,,,,,
51,Lunardi_2015,35,,Upper abdominal,,Mixed,278,98,Systemic,DBE,Post operative,8,,8,,,,,,,,,,,,,,,,,,,,,,,,,,,,,,,,,,,,,,,,,,,,,,,,,,,,ABG,6.8,3.9,,,,,,
52,Mackay_2005,21,Obese,Abdominal Surgery,,Open,,,Epidural,MobiEarly,Post operative,3,,3,,,,,,,,,,,,0.84,0.22,,,,,,,,,,,,,0.79,0.28,,,,,,,,,,,,,,,,,,,,,,,,,,13.3,4.5,3,,,,,
52,Mackay_2005,29,Obese,Abdominal Surgery,,Open,,,Epidural,DBE,Post operative,5,,5,,,,,,,,,,,,0.84,0.29,,,,,,,,,,,,,0.88,0.34,,,,,,,,,,,,,,,,,,,,,,,,,,10.4,3.0,2,,,,,
53,Malik_2018,192,,Lung resection,Mixed,,,,Mixed,CPT,Post operative,,25,25,15,8,,,2,,,,,,,,,,,,,,,,,,,,,,,,,,,,,,,,,,,,,,,,,,,,,,,ABG,,,,,,,,
53,Malik_2018,195,,Lung resection,Mixed,,,,Mixed,ISPost + CPT,Post operative,,24,24,9,9,,,4,,,,,,,,,,,,,,,,,,,,,,,,,,,,,,,,,,,,,,,,,,,,,,,6MWD. QoL score,5.8,3.0,,,,"Groups are IMT +PR, IMT and control. Selected IMt as option for both groups. Should I combine?",,
54,Manapunsopee_2020,47,,CABG,Thoracotomy,,227,104,Systemic,ISPost,Post operative,,,13,3,1,,9,,71.7,28.1,45.3,21.6,-36.82%,0.875393414,,,,,,,,,,,,,,,,,,,,,,,,,,,,,,,,,,,,,,,,,6MWD. QoL score,8.1,2.1,,,,"CHas multiple high risk categories: smoker, age,  obese",,
54,Manapunsopee_2020,43,,CABG,Thoracotomy,,258,103,Systemic,DBE,Post operative,,,13,5,0,,8,,74.1,26.6,36.5,17.6,-50.74%,0.781435036,,,,,,,,,,,,,,,,,,,,,,,,,,,,,,,,,,,,,,,,,6MWD. QoL score,9.4,4.6,,,,,,
55,Manzano_2008,16,,Upper abdominal,,Open,230,59,Systemic,Control,Post operative,,,,,,,,,,,,,,,,,,,,,,,,,,,,,,,,,,,,,,,,,,,,,,,,,,,363,119,258,85,,,,,,,Pulm complications/LOS  not reported,,
55,Manzano_2008,15,,Upper abdominal,,Open,241,51,Systemic,CPT,Post operative,,,,,,,,,,,,,,,,,,,,,,,,,,,,,,,,,,,,,,,,,,,,,,,,,,,389,120,290,99,,,,,,,,,
56,Matheus_2012,24,Obese + Smokers,CABG,Thoracotomy,,286,44,,ISPost + CPT,Post operative,,,14,9,,,14,,85.71,28.46,75.75,25,-11.62%,1.047538978,,,,,,,,,,,731.25,279.68,2425.2,956.33,,,,,,,,,,,,,,,,,,,,,,,,,,,,6.8,3.0,,2.6,0.9,,,
56,Matheus_2012,23,Obese + Smokers,CABG,Thoracotomy,,262,48,,IMT,Post operative,,,12,16,3,,8,,81.91,24.81,66.43,21.79,-18.90%,0.96097014,,,,,,,,,,,790,220.25,2537,1067.9`,,,,,,,,,,,,,,,,,,,,,,,,,,,,6.2,2.0,,2.0,1.1,,,
57,Matte_2000,30,,CABG,Thoracotomy,,,,Systemic,BiPAP,Post operative,,,5,5,,,,,,,,,,,,,,,,,,,,,3487,943,1759,522,,,2.7,0.77,,,1.09,0.37,-59.63%,,,,,,,,,,,,,,,,,,Improvement in VC and FEV1,,,,2.0,0.5,,,
57,Matte_2000,30,,CABG,Thoracotomy,,,,Systemic,ISPost,Post operative,,,9,9,,,,,,,,,,,,,,,,,,,,,3568,931,1332,398,,,2.6,0.7,,,0.89,0.25,-65.77%,,,,,,,,,,,,,,,,,,Decrease in VC and FEV1,,,,2.0,1.0,,,
57,Matte_2000,30,,CABG,Thoracotomy,,,,Systemic,CPAP,Post operative,,,5,5,,,,,,,,,,,,,,,,,,,,,3438,838,1670,670,,,2.5,0.62,,,1.07,0.25,-57.20%,,,,,,,,,,,,,,,,,,,,,,2.0,0.5,,,
58,Morano_2013,12,Smokers,Lung resection,Thoracotomy,,,,,IMT,Pre-operative,2,,2,0,0,,,,90,45.9,117.5,36.5,30.56%,1.691129674,,,1.47,1.27-2.33,,,1.71,1.65-2.8,16.33%,,,,,,,,1.07,0.37,,,1.26,0.61,17.76%,,,,,,,,,,,,,,,,,,,7.8,4.8,,2.0,1.0,,,
58,Morano_2013,12,Smokers,Lung resection,Thoracotomy,,,,,CPT,Pre-operative,7,,7,3,2,,,,46,26.2,67.6,39.9,46.96%,1.297516691,,,2.03,1.52-2.3,,,2.13,1.5-2.4,4.93%,,,,,,,,1.18,0.25,,,1.31,0.35,11.02%,,,,,,,,,,,,,,,,,,,12.2,3.6,,2.0,2.0,,,
59,Nery_2012,15,,Lung resection,Thoracotomy,,,,Mixed,CPAP,Post operative,,,,,,,,,76,21.3,66,20.6,-13.16%,0.937949211,,,3.13,1.07,,,2.28,0.8,-27.16%,,,,,,,,2.18,0.92,,,1.59,0.55,-27.06%,,,,,,,,,,,,,,377.3,164.3,305,106.1,,,,,,,"CPAP vs. breathing exercises, no prolonged air leak noticed",,
59,Nery_2012,15,,Lung resection,Thoracotomy,,,,Mixed,DBE,Post operative,,,,,,,,,77.7,24.4,57.8,22,-25.61%,0.872270693,,,2.64,0.67,,,1.81,0.58,-31.44%,,,,,,,,1.96,0.6,,,1.42,0.43,-27.55%,,,,,,,,,,,,,,339.7,160.2,234,122.2,,,,,,,,,
60,Olsen_1997,174,,Laparotomy,,Open,,,Mixed,CPT,Post operative,,,10,,,,,,,,,,,,,,,,,,,,,,,,,,,,,,,,,,,,,,,,,,,,,,,,,,,,"Diaphragm US, QoL",18.5,9.4,,,,Used time frame 2 and 3 values,,
60,Olsen_1997,194,,Laparotomy,,Open,,,Mixed,Control,Post operative,,,52,,,,,,,,,,,,,,,,,,,,,,,,,,,,,,,,,,,,,,,,,,,,,,,,,,,,"Diaphragm US, QoL",21.5,12.0,,,,,,
61,Palleschi_2018,82,,pulmonary lobectomy,Mixed,,188,9,Mixed,CPAP,Post operative,,,9,3,6,,,,,,,,,,,,,,,,,,,,,,,,,,,,,,,,,,,,,,,,,,,,,,,,,,,,,,6.0,,,,
61,Palleschi_2018,81,,pulmonary lobectomy,Mixed,,195,9,Mixed,CPT,Post operative,,,15,4,11,,,,,,,,,,,,,,,,,,,,,,,,,,,,,,,,,,,,,,,,,,,,,,,,,,,,,,7.0,,,,
62,Pantel_2017,112,,Bariatric,,Laparoscopy,131,37,Systemic,ISPost,Post operative,,11,4,7,4,,,,,,,,,,,,,,,,,,,,,,,,,,,,,,,,,,,,,,,,,,,,,,,,,,,7.9,1.9,,,,Multiple high risk factors,,
62,Pantel_2017,112,,Bariatric,,Laparoscopy,133,39,Systemic,Control,Post operative,,1,8,1,0,,,,,,,,,,,,,,,,,,,,,,,,,,,,,,,,,,,,,,,,,,,,,,,,,,,9.9,5.8,,,,Compares baseline to preop MIP,,
63,Perrin_2007,14,Smokers,Elective lobectomy,Thoracotomy,,158,15,Mixed,BiPAP,Both,2,,2,2,,,,,,,,,,,88.40%,15.4,,,62.00%,0.19,,,-29.86%,,,,,,54.90,9.2,,,38,1.70,,,-30.78%,,,,,,,,,,,,,,55.5,12.2,,,,12.0,1.0,,,,,,
63,Perrin_2007,18,Smokers,Elective lobectomy,Thoracotomy,,149,15,Mixed,CPT,Both,5,7,7,7,,,,1,,,,,,,84.90%,18.8,,,48.00%,0.22,,,-43.46%,,,,,,53.70,10,,,31,1.20,,,-42.27%,,,,,,,,,,,,,,53.6,15,,,,19.0,3.0,,,,,,
64,PessoaKC_2010,10,Obese,Roux-en-Y Gastric Bypass,,Open,,,,BiPAP,Post operative,,1,,1,,,,,,,,,,,,,,,,,,,,,3.037,864,32.28,9.81,,,,,,,,,,,,,,,,,,,,,,,,,,,,,,,,,,,
64,PessoaKC_2010,8,Obese,Roux-en-Y Gastric Bypass,,Open,,,,Control,Post operative,,3,,2,1,,,,,,,,,,,,,,,,,,,,2.576,492,30.03,9.15,,,,,,,,,,,,,,,,,,,,,,,,,,,,,,,,,,,
65,Qin_2021,120,,colorectal,,Laparoscopy,181,98,,DBE,Both,,,5,2,2,,,,,,,,,,,,,,,,,,,,,,,,,,,,,,,,,,,,,,,,,,,,,,,,,,,6.0,0.6,,,,,,
65,Qin_2021,120,,colorectal,,Laparoscopy,205,69,,EduPre,Both,,,14,4,8,,,,,,,,,,,,,,,,,,,,,,,,,,,,,,,,,,,,,,,,,,,,,,,,,,,8.0,0.6,,,,PPC measured until discharge,,
66,Reeve_2010,42,Obese + Smokers,Lung resection,Thoracotomy,,176,69.1,Mixed,DBE,Post operative,,2,2,,3,,,2,,,,,,,86.2,14.9,,,91,,,,5.57%,,,,,,80.5,18.2,,,71,,,,-11.80%,,,,,,,,,,,,,,,,,,,,,2,,,Post op data was only included for those that develped PPC's,,
66,Reeve_2010,34,Obese + Smokers,Lung resection,Thoracotomy,,196.4,83.8,Mixed,MobiEarly,Post operative,,1,1,,1,,,1,,,,,,,91.4,17.6,,,87,,,,-4.81%,,,,,,81.1,22.9,,,45,,,,-44.51%,,,,,,,,,,,,,,,,,,,,,1,,,did not give avg LOS data,,
67,Roceto_2014,20,Smokers,Lung resection,Thoracotomy,,252,43.8,Mixed,CPAP,Post operative,,,,,,,,,,,,,,,78.85,17.88,,,,,,,,,,,,,73.2,20.33,,,,,,,,,,,,,,,,,,,,,,,,,,,,,,,Did not give any Post OP data,,
67,Roceto_2014,20,Smokers,Lung resection,Thoracotomy,,261,78,Mixed,CPT,Post operative,,,,,,,,,,,,,,,83.8,17.56,,,,,,,,,,,,,80.65,18.37,,,,,,,,,,,,,,,,,,,,,,,,,,,,,,,,,
68,Rocha_2018,23,Obese,Roux-en-Y Gastric Bypass,,Open,,,,CPT,Post operative,,,1,1,,,,,42,10.56,38.5,8.13,-8.33%,1.20628432,94.95,8.24,,,79.55,12.26,,,-16.22%,,3.14,0.42,2.62,0.44,,,,,,,,,,,,,,,,,,,,,,,,,,,,,,,,,,,
68,Rocha_2018,22,Obese,Roux-en-Y Gastric Bypass,,Open,,,,BiPAP,Post operative,,,1,1,,,,,38,8.94,33.5,5.87,-11.84%,1.351500268,94.3,8.52,,,75.8,8.78,,,-19.62%,,3.06,0.58,2.44,0.38,,,,,,,,,,,,,,,,,,,,,,,,,,,,,,,,,,,
69,Romanini_2007,20,,CABG,Thoracotomy,,,,,ISPost,Post operative,,,,,,,,,39.5,27.09,63.9,29.37,61.77%,1.667132929,,,,,,,,,,,,,,,,,,,,,,,,,,,,,81.95,11.41,,,,,,,,,,,,5.6,1.9,,,,Spirometry values reported as % predicted,,
69,Romanini_2007,20,,CABG,Thoracotomy,,,,,IPPB,Post operative,,,,,,,,,31,20.75,46.5,24.61,50.00%,1.493242292,,,,,,,,,,,,,,,,,,,,,,,,,,,,,81.8,7.01,,,,,,,,,,,,5.7,1.9,,,,,,
70,Rowley_2019,56,,Upper abdominal,,Mixed,,,Mixed,ISPost,Post operative,,0,2,0,,2,,,,,,,,,,,,,,,,,,,,,,,,,,,,,,,,,,,,,,,,,,,,,,,,,,5.4,1.2,,,,Assuming NIPSV = BIPAP?,,
70,Rowley_2019,56,,Upper abdominal,,Mixed,,,Mixed,IS + EPAP,Post operative,,1,4,0,,3,,,,,,,,,,,,,,,,,,,,,,,,,,,,,,,,,,,,,,,,,,,,,351.7,132.3,377.8,130.5,"QoL, 6MWD",6.9,4.4,,,,,,
71,Sah_2017,20,,Supratentorial craniotomy,,,262,76,,ISPost,Post operative,,,,,,,,,,,,,,,,,,,,,,,,,,,,,,,,,,,,,,,,,,,108,14,109,12,,,,,,,,,ABG values,,,,,,are FEV1/FVC values correct? shouldnt be >100?,,
71,Sah_2017,20,,Supratentorial craniotomy,,,295,93,,CPAP,Post operative,,,,,,,,,,,,,,,,,,,,,,,,,,,,,,,,,,,,,,,,,,,102,14,105,15,,,,,,,,,ABG values,,,,,,i thought we were only doing thoracic and abdo cases?,,
71,Sah_2017,20,,Supratentorial craniotomy,,,267,89,,Control,Post operative,,,,,,,,,,,,,,,,,,,,,,,,,,,,,,,,,,,,,,,,,,,101,14,97,18,,,,,,,,,ABG values,,,,,,,,
72,Savci_2011,22,Smokers,CABG,Thoracotomy,,,,Systemic,IMT,Both,,,,,,,,,82.64,29.31,95.45,30.32,15.50%,1.17527018,88,16.36,,,64,14.94,,,-27.27%,,,,,,85.95,16.75,,,63.73,15.06,,,-25.85%,,,,,,,,,,,,,,,,,,,10.8,3.2,,1.4,0.5,,,
72,Savci_2011,21,Smokers,CABG,Thoracotomy,,,,Systemic,CPT,Post operative,,,,,,,,,84.62,17.26,57.24,19.48,-32.36%,0.642037097,85,13.71,,,66.43,14.42,,,-21.85%,,,,,,77.24,14.59,,,64.29,14.09,,,-16.77%,,,,,,,,,,,,,,,,,,,10.6,3.7,,1.3,0.5,,,
73,Shahood_2022,46,Obese + Smokers,CABG,Thoracotomy,,,,,DBE,Post operative,,,,,,,,,,,,,,,93.6,17.7,,,87.9,11.1,,,-6.09%,,,,,,96.3,18.15,,,91,11.90,,,-5.50%,,,,,,,,,,,,,,,,,,,,,,,,Length of stay was 7 to 20 days,,
73,Shahood_2022,54,Obese + Smokers,CABG,Thoracotomy,,,,,CPT,Post operative,,,,,,,,,,,,,,,91.9,18.4,,,65,10.3,,,-29.27%,,,,,,95.3,16.6,,,67.2,9.40,,,-29.49%,,,,,,,,,,,,,,,,,,,,,,,,Did not see any mention of PPC's,,
74,Shakouri_2015,30,,Cardiac,Thoracotomy,,156,14,,ISPre + CPT,Both,,,,,,,,,,,,,,,,,,,,,,,,,,,,,,,,,,,,,,,,,,,,,,,,,,,372,101.2,380.1,102.8,"QoL, 6MWD",10.7,6.4,,,,,,
74,Shakouri_2015,30,,Cardiac,Thoracotomy,,168,22,,ISPost + CPT,Post operative,,,,,,,,,,,,,,,,,,,,,,,,,,,,,,,,,,,,,,,,,,,,,,,,,,,359,127.2,384.2,122.8,"QoL, 6MWD, ABG",6.1,3.0,,,,Multiple high risk factors,,
75,Silva_2013,28,,Upper abdominal,,Mixed,,,Mixed,MobiEarly,Post operative,,6,6,,,,,,,,,,,,2.85,1.02,,,,,,,,,,,,,,,2.18,0.81,,,,,,,,,,,,,,,,,,,381,90.4,388,89.7,"QoL, 6MWD, ABG",8.7,4.6,,,,,,
75,Silva_2013,28,,Upper abdominal,,Mixed,,,Mixed,MobiEarly + DBE,Post operative,,7,7,,,,,,,,,,,,2.67,1,,,,,,,,,,,,,,,1.78,0.71,,,,,,,,,,,,,,,,,,,,,,,,,,,,,Spirometry changes reported as delta,,
75,Silva_2013,30,,Upper abdominal,,Mixed,,,Mixed,DBE,Post operative,,3,3,,,,,,,,,,,,2.42,0.5,,,,,,,,,,,,,,,1.98,0.54,,,,,,,,,,,,,,,,,,,,,,,,,,,,,,,
76,Singh_2022,25,, Upper Abdominal Surgery,,Open,175.2,41.44,,ISPre + CPT,Pre-operative,,2,2,1,1,,,,,,,,,,88.68,3.62,,,83.99,3.3,,,-5.29%,,,,,,77.29,5.83,,,68.66,5.39,,,-11.17%,,,,,,0.87,0.04,0.81,0.05,,,,,,,,,,11.0,3.2,,2.9,1.0,,,
76,Singh_2022,25,, Upper Abdominal Surgery,,Open,197.6,43.22,,Control,Post operative,,9,9,8,1,,,,,,,,,,88.81,4.02,,,79.5,5.08,,,-10.48%,,,,,,74.55,6.23,,,60.52,6.53,,,-18.82%,,,,,,0.83,0.05,0.76,0.06,,,,,,,,,,14.2,4.6,,4.2,1.4,,,
77,Soares_2013,16,Cancer, Upper Abdominal Surgery,,Open,270,201.3-398.8,,IMT,Post operative,,5,5,2,1,,1,,86.25,10.729,77,9.256,-10.72%,1.040376131,103.825,7.075,,,,,,,,,,,,,97.9,10.25,,,,,,,,,,,,,,,,,,,,,,,,,,8.5,1.9,,,,,,
77,Soares_2013,16,Cancer,Upper Abdominal Surgery,,Open,270,150-320,,CPT,Post operative,,11,11,2,4,,1,,63,12.715,55,11.619,-12.70%,0.973004611,107,2.5,,,,,,,,,,,,,103.25,5.75,,,,,,,,,,,,,,,,,,,,,,,,,,10.2,2.7,,,,,,
78,Su_2023,15,,CVR (Cardiac valve replacement),Thoracotomy,,,,,CPAP,Pre-operative,,,3,,2,,,1,,,,,,,,,,,,,,,,,,,,,,,,,,,,,,,,,,,,,,,,,,,,,,,,25.5,2.3,,1.2,0.5,,,
78,Su_2023,17,,CVR,Thoracotomy,,,,,Control,Post operative,,,5,,3,,,2,,,,,,,,,,,,,,,,,,,,,,,,,,,,,,,,,,,,,,,,,,,,,,,,26.8,0.3,,1.6,0.2,,,
79,Sweity_2021,40,,CABG,Thoracotomy,,,,Systemic,ISPre,Both,15,,0,15,,,,,,,,,,,,,,,,,,,,,,,,,,,,,,,,,,,,,,,,,,,,,,,,,,,"ABG, MEP",,,,,,FEV1/FVC values shown in graph but values not written,,
79,Sweity_2021,40,,CABG,Thoracotomy,,,,Systemic,ISPost,Post operative,36,,4,36,,,,,,,,,,,,,,,,,,,,,,,,,,,,,,,,,,,,,,,,,,,,,,,,,,,"ABG, MEP",,,,,,,,
80,Taskin_2020,20,,pulmonary lobectomy,Mixed,,,,,CPT,Post operative,,,,,,,,,,,,,,,,,,,,,,,,,,,,,,,,,,,,,,,,,,,,,,,,,,,,,,,6MWT,13.0,4.0,,,,,,
80,Taskin_2020,20,,pulmonary lobectomy,Mixed,,,,,IMT,Post operative,,,,,,,,,,,,,,,,,,,,,,,,,,,,,,,,,,,,,,,,,,,,,,,,,,,,,,,6MWT,9.0,3.0,,,,Didnt know what to put for pulm optimisation because study is RMT + chest PT vs PT,,
81,Turkey_2017,20,,CABG,Thoracotomy,,405,42,,IMT,Pre-operative,,,,,,,,,64,7,72,15,12.50%,0.574940554,,,,,,,,,,,,,,,,,,,,,,,,,,,,,,,,,,,,,,,,,A-a gradient,9.0,0.8,,2.0,0.0,used hosp days post surgery ,,
81,Turkey_2017,20,,CABG,Thoracotomy,,435,26,,CPT,Pre-operative,,,,,,,,,64,6,37,18,-42.19%,0.340937039,,,,,,,,,,,,,,,,,,,,,,,,,,,,,,,,,,,,,,,,,A-a gradient,9.0,0.8,,2.0,0.0,significant MIP on day 8 but not d2,,
82,Tyson_2015,75,,Laparotomy,,Open,71,26.8,,ISPost,Post operative,,,0,,,,,,,,,,,,,,0.92,0.41,,,1.21,0.6,31.52%,,,,,,,,,,,,,,,,,,,,,,,,,,,,,,,,"FEV1% change, 6MWT",17.0,10.4,,,,,,
82,Tyson_2015,75,,Laparotomy,,Open,70.8,27.8,,CPT,Post operative,,,2,,,,,,,,,,,,,,0.9,0.46,,,1.15,0.55,27.78%,,,,,,,,,,,,,,,,,,,,,,,,,,,,,,,,"FEV1% change, 6MWT",16.0,9.0,,,,,,
83,Valkenet_2018,121,,esophagectomy,Mixed,,334,87,,Control,Pre-operative,,,43,,43,,,17,,,,,,,,,,,,,,,,,,,,,,,,,,,,,,,,,,,,,,,,,,,,,,,,21.0,21.0,,,,,,
83,Valkenet_2018,120,,esophagectomy,Mixed,,362,88,,IMT,Pre-operative,,,47,,47,,,15,,,,,,,,,,,,,,,,,,,,,,,,,,,,,,,,,,,,,,,,,,,,,,,,18.0,18.0,,3.0,7.0,,,
84,Weiner_1997,17,COPD,Lung resection,Thoracotomy,,,,,IMT + IS,Both,,,2,,2,,,,66,2.8,81.2,3.5,23.03%,0.985670007,,,3.43,0.25,,,3.16,0.3,-7.87%,,,,,,,,2.46,0.2,,,2.38,0.10,-3.25%,,,,,,,,,,,,,,,,,,,,,,,,Post op values are not given in proper format seperating both groups,,
84,Weiner_1997,15,COPD,Lung resection,Thoracotomy,,,,,Control,Post operative,,,2,,2,,,,64.6,3.1,59.6,3.4,-7.74%,0.842839591,,,3.1,0.2,,,2.28,0.2,-26.45%,,,,,,,,2.27,0.2,,,1.68,0.10,-25.99%,,,,,,,,,,,,,,,,,,,,,,,,,,
85,Weiner_1998,42,,CABG,Thoracotomy,,,,,DBE,Pre-operative,11,,9,,3,,3,,91.7,7,74.4,5,-18.87%,1.137185808,90.8,4.2,,,81.1,3,,,-10.68%,,,,,,91.2,7.7,,,80,3.20,,,-12.28%,,,,,,,,,,,,,,,,,,,,,11,,,,,
85,Weiner_1998,42,,CABG,Thoracotomy,,,,,IMT,Pre-operative,2,,8,,1,,5,,85.7,6,90.4,6.3,5.48%,1.00729791,88.1,6.4,,,81.8,3.3,,,-7.15%,,,,,,91.8,6.7,,,90.5,3.30,,,-1.42%,,,,,,,,,,,,,,,,,,,,,2,,,,,
86,Westerdahl_2005,42,Smokers,CABG,Thoracotomy,,168,48,Mixed,CPT,Post operative,,,2,6,,,,,,,,,,,,,,,64,13,,,,,,,64,13,,,,,65,13.00,,,35.00%,,,,,,,,,,,,,,,,,,,,,,0.6,1.0,,,
86,Westerdahl_2005,48,Smokers,CABG,Thoracotomy,,150,30,Mixed,DBE,Post operative,,,1,11,,,,,,,,,,,,,,,71,12,,,,,,,69,11,,,,,71,11.00,,,29.00%,,,,,,,,,,,,,,,,,,,,,,,,,,
87,Wong_2011,38,Obese,Roux-en-Y Gastric Bypass,,Laparoscopy,,,Systemic,Control,Post operative,,,,,,,,,,,,,,,,,,,,,,,,,,,,,,,,,,,,,,,,,,,,,,,,,,,,,,,,,,6,,,values such as %FEV1 and %FVC were not listed specifically in the artcle but instead it said they were comparable,,
87,Wong_2011,43,Obese,Roux-en-Y Gastric Bypass,,Laparoscopy,,,Systemic,CPAP,Post operative,,,,,,,,,,,,,,,,,,,,,,,,,,,,,,,,,,,,,,,,,,,,,,,,,,,,,,,,,,3,,,,,
,,,,,,,,,,,,,,,,,,,,,,,,,,,,,,,,,,,,,,,,,,,,,,,,,,,,,,,,,,,,,,,,,,,,,,,,,,
,,,,,,,,,,,,,,,,,,,,,,,,,,,,,,,,,,,,,,,,,,,,,,,,,,,,,,,,,,,,,,,,,,,,,,,,,,
,,,,,,,,,,,,,,,,,,,,,,,,,,,,,,,,,,,,,,,,,,,,,,,,,,,,,,,,,,,,,,,,,,,,,,,,,,
